Patient Identifier,Overall Survival Status,Disease Free Status,Overall Survival (Months),Embeddings path
TCGA-A1-A0SK,1:DECEASED,1:Recurred/Progressed,31.77,/home/ubuntu/Documents/internship/dataset/dead-living-feature-embd-wsi/TCGA-A1-A0SK_features.npy
TCGA-A2-A04V,1:DECEASED,1:Recurred/Progressed,63.07,/home/ubuntu/Documents/internship/dataset/dead-living-feature-embd-wsi/TCGA-A2-A04V_features.npy
TCGA-A2-A0CM,1:DECEASED,1:Recurred/Progressed,24.77,/home/ubuntu/Documents/internship/dataset/dead-living-feature-embd-wsi/TCGA-A2-A0CM_features.npy
TCGA-A2-A0EW,1:DECEASED,1:Recurred/Progressed,61.89,/home/ubuntu/Documents/internship/dataset/dead-living-feature-embd-wsi/TCGA-A2-A0EW_features.npy
TCGA-A2-A0SW,1:DECEASED,1:Recurred/Progressed,44.84,/home/ubuntu/Documents/internship/dataset/dead-living-feature-embd-wsi/TCGA-A2-A0SW_features.npy
TCGA-A2-A3XS,1:DECEASED,1:Recurred/Progressed,33.9,/home/ubuntu/Documents/internship/dataset/dead-living-feature-embd-wsi/TCGA-A2-A3XS_features.npy
TCGA-A2-A3XU,1:DECEASED,1:Recurred/Progressed,29.96,/home/ubuntu/Documents/internship/dataset/dead-living-feature-embd-wsi/TCGA-A2-A3XU_features.npy
TCGA-A2-A3XY,1:DECEASED,1:Recurred/Progressed,35.91,/home/ubuntu/Documents/internship/dataset/dead-living-feature-embd-wsi/TCGA-A2-A3XY_features.npy
TCGA-A7-A13E,1:DECEASED,1:Recurred/Progressed,20.17,/home/ubuntu/Documents/internship/dataset/dead-living-feature-embd-wsi/TCGA-A7-A13E_features.npy
TCGA-A8-A08T,1:DECEASED,1:Recurred/Progressed,111.99,/home/ubuntu/Documents/internship/dataset/dead-living-feature-embd-wsi/TCGA-A8-A08T_features.npy
TCGA-AC-A2FM,1:DECEASED,1:Recurred/Progressed,26.02,/home/ubuntu/Documents/internship/dataset/dead-living-feature-embd-wsi/TCGA-AC-A2FM_features.npy
TCGA-AC-A2QJ,1:DECEASED,1:Recurred/Progressed,14.65,/home/ubuntu/Documents/internship/dataset/dead-living-feature-embd-wsi/TCGA-AC-A2QJ_features.npy
TCGA-AO-A03P,1:DECEASED,1:Recurred/Progressed,95.63,/home/ubuntu/Documents/internship/dataset/dead-living-feature-embd-wsi/TCGA-AO-A03P_features.npy
TCGA-AO-A03U,1:DECEASED,1:Recurred/Progressed,58.9,/home/ubuntu/Documents/internship/dataset/dead-living-feature-embd-wsi/TCGA-AO-A03U_features.npy
TCGA-AR-A0TY,1:DECEASED,1:Recurred/Progressed,55.81,/home/ubuntu/Documents/internship/dataset/dead-living-feature-embd-wsi/TCGA-AR-A0TY_features.npy
TCGA-AR-A0TZ,1:DECEASED,1:Recurred/Progressed,107.16,/home/ubuntu/Documents/internship/dataset/dead-living-feature-embd-wsi/TCGA-AR-A0TZ_features.npy
TCGA-AR-A0U2,1:DECEASED,1:Recurred/Progressed,83.8,/home/ubuntu/Documents/internship/dataset/dead-living-feature-embd-wsi/TCGA-AR-A0U2_features.npy
TCGA-AR-A1AR,1:DECEASED,1:Recurred/Progressed,17.21,/home/ubuntu/Documents/internship/dataset/dead-living-feature-embd-wsi/TCGA-AR-A1AR_features.npy
TCGA-AR-A24L,1:DECEASED,1:Recurred/Progressed,94.15,/home/ubuntu/Documents/internship/dataset/dead-living-feature-embd-wsi/TCGA-AR-A24L_features.npy
TCGA-AR-A256,1:DECEASED,1:Recurred/Progressed,93.76,/home/ubuntu/Documents/internship/dataset/dead-living-feature-embd-wsi/TCGA-AR-A256_features.npy
TCGA-AR-A2LH,1:DECEASED,1:Recurred/Progressed,20.24,/home/ubuntu/Documents/internship/dataset/dead-living-feature-embd-wsi/TCGA-AR-A2LH_features.npy
TCGA-AR-A2LK,1:DECEASED,1:Recurred/Progressed,54.17,/home/ubuntu/Documents/internship/dataset/dead-living-feature-embd-wsi/TCGA-AR-A2LK_features.npy
TCGA-AR-A5QQ,1:DECEASED,1:Recurred/Progressed,10.58,/home/ubuntu/Documents/internship/dataset/dead-living-feature-embd-wsi/TCGA-AR-A5QQ_features.npy
TCGA-B6-A0I1,1:DECEASED,1:Recurred/Progressed,77.56,/home/ubuntu/Documents/internship/dataset/dead-living-feature-embd-wsi/TCGA-B6-A0I1_features.npy
TCGA-B6-A0I6,1:DECEASED,1:Recurred/Progressed,32.56,/home/ubuntu/Documents/internship/dataset/dead-living-feature-embd-wsi/TCGA-B6-A0I6_features.npy
TCGA-B6-A0IE,1:DECEASED,1:Recurred/Progressed,65.47,/home/ubuntu/Documents/internship/dataset/dead-living-feature-embd-wsi/TCGA-B6-A0IE_features.npy
TCGA-B6-A0IK,1:DECEASED,1:Recurred/Progressed,18.76,/home/ubuntu/Documents/internship/dataset/dead-living-feature-embd-wsi/TCGA-B6-A0IK_features.npy
TCGA-B6-A0RH,1:DECEASED,1:Recurred/Progressed,212.09,/home/ubuntu/Documents/internship/dataset/dead-living-feature-embd-wsi/TCGA-B6-A0RH_features.npy
TCGA-B6-A0RP,1:DECEASED,1:Recurred/Progressed,102.69,/home/ubuntu/Documents/internship/dataset/dead-living-feature-embd-wsi/TCGA-B6-A0RP_features.npy
TCGA-B6-A0RS,1:DECEASED,1:Recurred/Progressed,100.62,/home/ubuntu/Documents/internship/dataset/dead-living-feature-embd-wsi/TCGA-B6-A0RS_features.npy
TCGA-B6-A0WW,1:DECEASED,1:Recurred/Progressed,18.33,/home/ubuntu/Documents/internship/dataset/dead-living-feature-embd-wsi/TCGA-B6-A0WW_features.npy
TCGA-B6-A0WX,1:DECEASED,1:Recurred/Progressed,20.99,/home/ubuntu/Documents/internship/dataset/dead-living-feature-embd-wsi/TCGA-B6-A0WX_features.npy
TCGA-B6-A0WY,1:DECEASED,1:Recurred/Progressed,113.7,/home/ubuntu/Documents/internship/dataset/dead-living-feature-embd-wsi/TCGA-B6-A0WY_features.npy
TCGA-B6-A0X0,1:DECEASED,1:Recurred/Progressed,129.6,/home/ubuntu/Documents/internship/dataset/dead-living-feature-embd-wsi/TCGA-B6-A0X0_features.npy
TCGA-B6-A0X1,1:DECEASED,1:Recurred/Progressed,244.91,/home/ubuntu/Documents/internship/dataset/dead-living-feature-embd-wsi/TCGA-B6-A0X1_features.npy
TCGA-B6-A0X4,1:DECEASED,1:Recurred/Progressed,28.25,/home/ubuntu/Documents/internship/dataset/dead-living-feature-embd-wsi/TCGA-B6-A0X4_features.npy
TCGA-B6-A0X5,1:DECEASED,1:Recurred/Progressed,68.89,/home/ubuntu/Documents/internship/dataset/dead-living-feature-embd-wsi/TCGA-B6-A0X5_features.npy
TCGA-BH-A0C1,1:DECEASED,1:Recurred/Progressed,46.35,/home/ubuntu/Documents/internship/dataset/dead-living-feature-embd-wsi/TCGA-BH-A0C1_features.npy
TCGA-BH-A1EY,1:DECEASED,1:Recurred/Progressed,17.67,/home/ubuntu/Documents/internship/dataset/dead-living-feature-embd-wsi/TCGA-BH-A1EY_features.npy
TCGA-C8-A3M7,1:DECEASED,1:Recurred/Progressed,33.97,/home/ubuntu/Documents/internship/dataset/dead-living-feature-embd-wsi/TCGA-C8-A3M7_features.npy
TCGA-D8-A73W,1:DECEASED,1:Recurred/Progressed,12.65,/home/ubuntu/Documents/internship/dataset/dead-living-feature-embd-wsi/TCGA-D8-A73W_features.npy
TCGA-E2-A14Z,1:DECEASED,1:Recurred/Progressed,18.5,/home/ubuntu/Documents/internship/dataset/dead-living-feature-embd-wsi/TCGA-E2-A14Z_features.npy
TCGA-E2-A1LE,1:DECEASED,1:Recurred/Progressed,28.88,/home/ubuntu/Documents/internship/dataset/dead-living-feature-embd-wsi/TCGA-E2-A1LE_features.npy
TCGA-E2-A1LK,1:DECEASED,1:Recurred/Progressed,8.74,/home/ubuntu/Documents/internship/dataset/dead-living-feature-embd-wsi/TCGA-E2-A1LK_features.npy
TCGA-E2-A2P5,1:DECEASED,1:Recurred/Progressed,26.97,/home/ubuntu/Documents/internship/dataset/dead-living-feature-embd-wsi/TCGA-E2-A2P5_features.npy
TCGA-E9-A1N6,1:DECEASED,1:Recurred/Progressed,22.27,/home/ubuntu/Documents/internship/dataset/dead-living-feature-embd-wsi/TCGA-E9-A1N6_features.npy
TCGA-E9-A1NF,1:DECEASED,1:Recurred/Progressed,35.22,/home/ubuntu/Documents/internship/dataset/dead-living-feature-embd-wsi/TCGA-E9-A1NF_features.npy
TCGA-E9-A226,1:DECEASED,1:Recurred/Progressed,34.43,/home/ubuntu/Documents/internship/dataset/dead-living-feature-embd-wsi/TCGA-E9-A226_features.npy
TCGA-E9-A2JS,1:DECEASED,1:Recurred/Progressed,29.7,/home/ubuntu/Documents/internship/dataset/dead-living-feature-embd-wsi/TCGA-E9-A2JS_features.npy
TCGA-GM-A2D9,1:DECEASED,1:Recurred/Progressed,59.53,/home/ubuntu/Documents/internship/dataset/dead-living-feature-embd-wsi/TCGA-GM-A2D9_features.npy
TCGA-A1-A0SP,0:LIVING,,19.19,/home/ubuntu/Documents/internship/dataset/dead-living-feature-embd-wsi/TCGA-A1-A0SP_features.npy
TCGA-A2-A0CK,0:LIVING,,136.63,/home/ubuntu/Documents/internship/dataset/dead-living-feature-embd-wsi/TCGA-A2-A0CK_features.npy
TCGA-A2-A0D0,0:LIVING,,67.28,/home/ubuntu/Documents/internship/dataset/dead-living-feature-embd-wsi/TCGA-A2-A0D0_features.npy
TCGA-BH-A0E7,0:LIVING,,44.78,/home/ubuntu/Documents/internship/dataset/dead-living-feature-embd-wsi/TCGA-BH-A0E7_features.npy
TCGA-A2-A0EU,0:LIVING,,34.26,/home/ubuntu/Documents/internship/dataset/dead-living-feature-embd-wsi/TCGA-A2-A0EU_features.npy
TCGA-A2-A0EV,0:LIVING,,31.8,/home/ubuntu/Documents/internship/dataset/dead-living-feature-embd-wsi/TCGA-A2-A0EV_features.npy
TCGA-A2-A0SX,0:LIVING,,50.39,/home/ubuntu/Documents/internship/dataset/dead-living-feature-embd-wsi/TCGA-A2-A0SX_features.npy
TCGA-A2-A0T0,0:LIVING,,17.51,/home/ubuntu/Documents/internship/dataset/dead-living-feature-embd-wsi/TCGA-A2-A0T0_features.npy
TCGA-A2-A0T7,0:LIVING,,20.73,/home/ubuntu/Documents/internship/dataset/dead-living-feature-embd-wsi/TCGA-A2-A0T7_features.npy
TCGA-A2-A0YC,0:LIVING,,32.52,/home/ubuntu/Documents/internship/dataset/dead-living-feature-embd-wsi/TCGA-A2-A0YC_features.npy
TCGA-A2-A0YE,0:LIVING,,18.2,/home/ubuntu/Documents/internship/dataset/dead-living-feature-embd-wsi/TCGA-A2-A0YE_features.npy
TCGA-A2-A0YF,0:LIVING,,50.43,/home/ubuntu/Documents/internship/dataset/dead-living-feature-embd-wsi/TCGA-A2-A0YF_features.npy
TCGA-A2-A0YH,0:LIVING,,21.65,/home/ubuntu/Documents/internship/dataset/dead-living-feature-embd-wsi/TCGA-A2-A0YH_features.npy
TCGA-A2-A0YJ,0:LIVING,,18.59,/home/ubuntu/Documents/internship/dataset/dead-living-feature-embd-wsi/TCGA-A2-A0YJ_features.npy
TCGA-A2-A25B,0:LIVING,,42.41,/home/ubuntu/Documents/internship/dataset/dead-living-feature-embd-wsi/TCGA-A2-A25B_features.npy
TCGA-A2-A25E,0:LIVING,,105.26,/home/ubuntu/Documents/internship/dataset/dead-living-feature-embd-wsi/TCGA-A2-A25E_features.npy
TCGA-A2-A4RX,0:LIVING,,24.38,/home/ubuntu/Documents/internship/dataset/dead-living-feature-embd-wsi/TCGA-A2-A4RX_features.npy
TCGA-A7-A13G,0:LIVING,,23.59,/home/ubuntu/Documents/internship/dataset/dead-living-feature-embd-wsi/TCGA-A7-A13G_features.npy
TCGA-A7-A13H,0:LIVING,,29.53,/home/ubuntu/Documents/internship/dataset/dead-living-feature-embd-wsi/TCGA-A7-A13H_features.npy
TCGA-A7-A26H,0:LIVING,,23.78,/home/ubuntu/Documents/internship/dataset/dead-living-feature-embd-wsi/TCGA-A7-A26H_features.npy
TCGA-A7-A3RF,0:LIVING,,13.4,/home/ubuntu/Documents/internship/dataset/dead-living-feature-embd-wsi/TCGA-A7-A3RF_features.npy
TCGA-A7-A425,0:LIVING,,14.68,/home/ubuntu/Documents/internship/dataset/dead-living-feature-embd-wsi/TCGA-A7-A425_features.npy
TCGA-A8-A06N,0:LIVING,,0,/home/ubuntu/Documents/internship/dataset/dead-living-feature-embd-wsi/TCGA-A8-A06N_features.npy
TCGA-A8-A06Y,0:LIVING,,25.99,/home/ubuntu/Documents/internship/dataset/dead-living-feature-embd-wsi/TCGA-A8-A06Y_features.npy
TCGA-A8-A07L,0:LIVING,,32.03,/home/ubuntu/Documents/internship/dataset/dead-living-feature-embd-wsi/TCGA-A8-A07L_features.npy
TCGA-A8-A086,0:LIVING,,13.01,/home/ubuntu/Documents/internship/dataset/dead-living-feature-embd-wsi/TCGA-A8-A086_features.npy
TCGA-A8-A08O,0:LIVING,,30.98,/home/ubuntu/Documents/internship/dataset/dead-living-feature-embd-wsi/TCGA-A8-A08O_features.npy
TCGA-A8-A08X,0:LIVING,,42.97,/home/ubuntu/Documents/internship/dataset/dead-living-feature-embd-wsi/TCGA-A8-A08X_features.npy
TCGA-A8-A091,0:LIVING,,32.98,/home/ubuntu/Documents/internship/dataset/dead-living-feature-embd-wsi/TCGA-A8-A091_features.npy
TCGA-A8-A09C,0:LIVING,,1.02,/home/ubuntu/Documents/internship/dataset/dead-living-feature-embd-wsi/TCGA-A8-A09C_features.npy
TCGA-A8-A09K,0:LIVING,,29.96,/home/ubuntu/Documents/internship/dataset/dead-living-feature-embd-wsi/TCGA-A8-A09K_features.npy
TCGA-A8-A09V,0:LIVING,,15.01,/home/ubuntu/Documents/internship/dataset/dead-living-feature-embd-wsi/TCGA-A8-A09V_features.npy
TCGA-A8-A09W,0:LIVING,,0.99,/home/ubuntu/Documents/internship/dataset/dead-living-feature-embd-wsi/TCGA-A8-A09W_features.npy
TCGA-A8-A0A2,0:LIVING,,19.02,/home/ubuntu/Documents/internship/dataset/dead-living-feature-embd-wsi/TCGA-A8-A0A2_features.npy
TCGA-AC-A2B8,0:LIVING,,22.24,/home/ubuntu/Documents/internship/dataset/dead-living-feature-embd-wsi/TCGA-AC-A2B8_features.npy
TCGA-AN-A03Y,0:LIVING,,0.33,/home/ubuntu/Documents/internship/dataset/dead-living-feature-embd-wsi/TCGA-AN-A03Y_features.npy
TCGA-BH-A0BJ,0:LIVING,,21.68,/home/ubuntu/Documents/internship/dataset/dead-living-feature-embd-wsi/TCGA-BH-A0BJ_features.npy
TCGA-BH-A0B1,0:LIVING,,37.71,/home/ubuntu/Documents/internship/dataset/dead-living-feature-embd-wsi/TCGA-BH-A0B1_features.npy
TCGA-LL-A5YP,0:LIVING,,14.78,/home/ubuntu/Documents/internship/dataset/dead-living-feature-embd-wsi/TCGA-LL-A5YP_features.npy
TCGA-AN-A0AL,0:LIVING,,7.46,/home/ubuntu/Documents/internship/dataset/dead-living-feature-embd-wsi/TCGA-AN-A0AL_features.npy
TCGA-AN-A0AR,0:LIVING,,0.33,/home/ubuntu/Documents/internship/dataset/dead-living-feature-embd-wsi/TCGA-AN-A0AR_features.npy
TCGA-AN-A0AS,0:LIVING,,0.33,/home/ubuntu/Documents/internship/dataset/dead-living-feature-embd-wsi/TCGA-AN-A0AS_features.npy
TCGA-AN-A0FF,0:LIVING,,5.65,/home/ubuntu/Documents/internship/dataset/dead-living-feature-embd-wsi/TCGA-AN-A0FF_features.npy
TCGA-AN-A0FJ,0:LIVING,,7.95,/home/ubuntu/Documents/internship/dataset/dead-living-feature-embd-wsi/TCGA-AN-A0FJ_features.npy
TCGA-AN-A0FL,0:LIVING,,7.59,/home/ubuntu/Documents/internship/dataset/dead-living-feature-embd-wsi/TCGA-AN-A0FL_features.npy
TCGA-AN-A0FY,0:LIVING,,0.33,/home/ubuntu/Documents/internship/dataset/dead-living-feature-embd-wsi/TCGA-AN-A0FY_features.npy
TCGA-AO-A03N,0:LIVING,,66.72,/home/ubuntu/Documents/internship/dataset/dead-living-feature-embd-wsi/TCGA-AO-A03N_features.npy
TCGA-AO-A03R,0:LIVING,,68.69,/home/ubuntu/Documents/internship/dataset/dead-living-feature-embd-wsi/TCGA-AO-A03R_features.npy
TCGA-AO-A03T,0:LIVING,,69.78,/home/ubuntu/Documents/internship/dataset/dead-living-feature-embd-wsi/TCGA-AO-A03T_features.npy
TCGA-D8-A1JH,0:LIVING,,13.99,/home/ubuntu/Documents/internship/dataset/dead-living-feature-embd-wsi/TCGA-D8-A1JH_features.npy
